David,Smith,1,Angie,1000,1,2009-03-14,27,1996-02-18,10000
Robert, Lee,2, Ford,1001,2,2009-03-14,27,1996-02-18,10001
Alicia, Rodgers,3, Kobe,1002,3,2009-03-14,27,1996-02-18,10002
Meg, Son,4, Jared,1003,4,2009-03-14,27,1996-02-18,10003
Ryan, Rose,5, Michael,1004,5,2009-03-14,27,1996-02-18,10004
Jamie, Love,6,Angie,1000,6,2009-03-14,27,1996-02-18,10005
Lily, Pitt,7, Ford,1001,7,2009-03-14,27,1996-02-18,10006
Adam, Patel,8, Kobe,1002,8,2009-03-14,27,1996-02-18,10007
Stacy, Wilson,9, Jared,1003,9,2009-03-14,27,1996-02-18,10008
Law, Marks,10, Michael,1004,10,2009-03-14,27,1996-02-18,10009
David,Smith,11,Angie,1000,1,2009-03-14,27,1996-02-18,10010
Robert, Lee,12, Ford,1001,2,2009-03-14,27,1996-02-18,10011
Alicia, Rodgers,13, Kobe,1002,3,2009-03-14,27,1996-02-18,10012
Meg, Son,14, Jared,1003,4,2009-03-14,27,1996-02-18,10013
Ryan, Rose,15, Michael,1004,5,2009-03-14,27,1996-02-18,10014
Jamie, Love,16,Angie,1000,6,2009-03-14,27,1996-02-18,10015
Lily, Pitt,17, Ford,1001,7,2009-03-14,27,1996-02-18,10016
Adam, Patel,18, Kobe,1002,8,2009-03-14,27,1996-02-18,10017
Stacy, Wilson,19, Jared,1003,9,2009-03-14,27,1996-02-18,10018
Law, Marks,20, Michael,1004,10,2009-03-14,27,1996-02-18,10019
David,Smith,21,Angie,1000,1,2009-03-14,27,1996-02-18,10020
Robert, Lee,22, Ford,1001,2,2009-03-14,27,1996-02-18,10021
Alicia, Rodgers,23, Kobe,1002,3,2009-03-14,27,1996-02-18,10022
Meg, Son,24, Jared,1003,4,2009-03-14,27,1996-02-18,10023
Ryan, Rose,25, Michael,1004,5,2009-03-14,27,1996-02-18,10024
Jamie, Love,26,Angie,1000,6,2009-03-14,27,1996-02-18,10025
Lily, Pitt,27, Ford,1001,7,2009-03-14,27,1996-02-18,10026
Adam, Patel,28, Kobe,1002,8,2009-03-14,27,1996-02-18,10027
Stacy, Wilson,29, Jared,1003,9,2009-03-14,27,1996-02-18,10028
Law, Marks,30, Michael,1004,10,2009-03-14,27,1996-02-18,10029
David,Smith,31,Angie,1000,1,2009-03-14,27,1996-02-18,10030
Robert, Lee,32, Ford,1001,2,2009-03-14,27,1996-02-18,10031
Alicia, Rodgers,33, Kobe,1002,3,2009-03-14,27,1996-02-18,10032
Meg, Son,34, Jared,1003,4,2009-03-14,27,1996-02-18,10033
Ryan, Rose,35, Michael,1004,5,2009-03-14,27,1996-02-18,10034
Jamie, Love,36,Angie,1000,6,2009-03-14,27,1996-02-18,10035
Lily, Pitt,37, Ford,1001,7,2009-03-14,27,1996-02-18,10036
Adam, Patel,38, Kobe,1002,8,2009-03-14,27,1996-02-18,10037
Stacy, Wilson,39, Jared,1003,9,2009-03-14,27,1996-02-18,10038
Law, Marks,40, Michael,1004,10,2009-03-14,27,1996-02-18,10039
David,Smith,41,Angie,1000,1,2009-03-14,27,1996-02-18,10040
Robert, Lee,42, Ford,1001,2,2009-03-14,27,1996-02-18,10041
Alicia, Rodgers,43, Kobe,1002,3,2009-03-14,27,1996-02-18,10042
Meg, Son,44, Jared,1003,4,2009-03-14,27,1996-02-18,10043
Ryan, Rose,45, Michael,1004,5,2009-03-14,27,1996-02-18,10044
Jamie, Love,46,Angie,1000,6,2009-03-14,27,1996-02-18,10045
Lily, Pitt,47, Ford,1001,7,2009-03-14,27,1996-02-18,10046
Adam, Patel,48, Kobe,1002,8,2009-03-14,27,1996-02-18,10047
Stacy, Wilson,49, Jared,1003,9,2009-03-14,27,1996-02-18,10048
Law, Marks,50, Michael,1004,10,2009-03-14,27,1996-02-18,10049
David,Smith,51,Angie,1000,1,2009-03-14,27,1996-02-18,10050
Robert, Lee,52, Ford,1001,2,2009-03-14,27,1996-02-18,10051
Alicia, Rodgers,53, Kobe,1002,3,2009-03-14,27,1996-02-18,10052
Meg, Son,54, Jared,1003,4,2009-03-14,27,1996-02-18,10053
Ryan, Rose,55, Michael,1004,5,2009-03-14,27,1996-02-18,10054
Jamie, Love,56,Angie,1000,6,2009-03-14,27,1996-02-18,10055
Lily, Pitt,57, Ford,1001,7,2009-03-14,27,1996-02-18,10056
Adam, Patel,58, Kobe,1002,8,2009-03-14,27,1996-02-18,10057
Stacy, Wilson,59, Jared,1003,9,2009-03-14,27,1996-02-18,10058
Law, Marks,60, Michael,1004,10,2009-03-14,27,1996-02-18,10059
David,Smith,61,Angie,1000,1,2009-03-14,27,1996-02-18,10060
Robert, Lee,62, Ford,1001,2,2009-03-14,27,1996-02-18,10061
Alicia, Rodgers,63, Kobe,1002,3,2009-03-14,27,1996-02-18,10062
Meg, Son,64, Jared,1003,4,2009-03-14,27,1996-02-18,10063
Ryan, Rose,65, Michael,1004,5,2009-03-14,27,1996-02-18,10064
Jamie, Love,66,Angie,1000,6,2009-03-14,27,1996-02-18,10065
Lily, Pitt,67, Ford,1001,7,2009-03-14,27,1996-02-18,10066
Adam, Patel,68, Kobe,1002,8,2009-03-14,27,1996-02-18,10067
Stacy, Wilson,69, Jared,1003,9,2009-03-14,27,1996-02-18,10068
Law, Marks,70, Michael,1004,10,2009-03-14,27,1996-02-18,10069
David,Smith,71,Angie,1000,1,2009-03-14,27,1996-02-18,10070
Robert, Lee,72, Ford,1001,2,2009-03-14,27,1996-02-18,10071
Alicia, Rodgers,73, Kobe,1002,3,2009-03-14,27,1996-02-18,10072
Meg, Son,74, Jared,1003,4,2009-03-14,27,1996-02-18,10073
Ryan, Rose,75, Michael,1004,5,2009-03-14,27,1996-02-18,10074
Jamie, Love,76,Angie,1000,6,2009-03-14,27,1996-02-18,10075
Lily, Pitt,77, Ford,1001,7,2009-03-14,27,1996-02-18,10076
Adam, Patel,78, Kobe,1002,8,2009-03-14,27,1996-02-18,10077
Stacy, Wilson,79, Jared,1003,9,2009-03-14,27,1996-02-18,10078
Law, Marks,80, Michael,1004,10,2009-03-14,27,1996-02-18,10079
David,Smith,81,Angie,1000,1,2009-03-14,27,1996-02-18,10080
Robert, Lee,82, Ford,1001,2,2009-03-14,27,1996-02-18,10081
Alicia, Rodgers,83, Kobe,1002,3,2009-03-14,27,1996-02-18,10082
Meg, Son,84, Jared,1003,4,2009-03-14,27,1996-02-18,10083
Ryan, Rose,85, Michael,1004,5,2009-03-14,27,1996-02-18,10084
Jamie, Love,86,Angie,1000,6,2009-03-14,27,1996-02-18,10085
Lily, Pitt,87, Ford,1001,7,2009-03-14,27,1996-02-18,10086
Adam, Patel,88, Kobe,1002,8,2009-03-14,27,1996-02-18,10087
Stacy, Wilson,89, Jared,1003,9,2009-03-14,27,1996-02-18,10088
Law, Marks,90, Michael,1004,10,2009-03-14,27,1996-02-18,10089
David,Smith,91,Angie,1000,1,2009-03-14,27,1996-02-18,10090
Robert, Lee,92, Ford,1001,2,2009-03-14,27,1996-02-18,10091
Alicia, Rodgers,93, Kobe,1002,3,2009-03-14,27,1996-02-18,10092
Meg, Son,94, Jared,1003,4,2009-03-14,27,1996-02-18,10093
Ryan, Rose,95, Michael,1004,5,2009-03-14,27,1996-02-18,10094
Jamie, Love,96,Angie,1000,6,2009-03-14,27,1996-02-18,10095
Lily, Pitt,97, Ford,1001,7,2009-03-14,27,1996-02-18,10096
Adam, Patel,98, Kobe,1002,8,2009-03-14,27,1996-02-18,10097
Stacy, Wilson,99, Jared,1003,9,2009-03-14,27,1996-02-18,10098
Law, Marks,100, Michael,1004,10,2009-03-14,27,1996-02-18,10099